"time","ppg_reading","reading_id","laterality"
"1","0.0","-324011.0","LEFT_ARM"
"1","0.033332969","-325008.0","LEFT_ARM"
"1","0.066665938","-326993.5","LEFT_ARM"
"1","0.099998906","-323855.0","LEFT_ARM"
"1","0.133331875","-315651.0","LEFT_ARM"
"1","0.166664844","-303527.0","LEFT_ARM"
"1","0.199997813","-298105.0","LEFT_ARM"
"1","0.233330781","-281412.0","LEFT_ARM"
"1","0.26666375","-259766.0","LEFT_ARM"
"1","0.299996719","-215164.0","LEFT_ARM"
"1","0.333329688","-177256.5","LEFT_ARM"
"1","0.366662656","-147216.0","LEFT_ARM"
"1","0.399995625","-121698.5","LEFT_ARM"
"1","0.433328594","-99516.5","LEFT_ARM"
"1","0.466661563","-81954.5","LEFT_ARM"
"1","0.499994531","-68549.0","LEFT_ARM"
"1","0.5333275","-58136.5","LEFT_ARM"
"1","0.566660469","-51846.5","LEFT_ARM"
"1","0.599993438","-63606.0","LEFT_ARM"
"1","0.633326406","-60817.5","LEFT_ARM"
"1","0.666659375","-56566.0","LEFT_ARM"
"1","0.699992344","-52309.5","LEFT_ARM"
"1","0.733325313","-51027.5","LEFT_ARM"
"1","0.766658281","-48142.0","LEFT_ARM"
"1","0.79999125","-45466.0","LEFT_ARM"
"1","0.833324219","-42658.5","LEFT_ARM"
"1","0.866657188","-38603.5","LEFT_ARM"
"1","0.899990156","-36249.5","LEFT_ARM"
"1","0.933323125","-25128.5","LEFT_ARM"
"1","0.966656094","-22518.5","LEFT_ARM"
"1","0.999989063","-21163.5","LEFT_ARM"
"1","1.033322031","-21041.5","LEFT_ARM"
"1","1.066655","-23592.5","LEFT_ARM"
"1","1.099987969","-24903.5","LEFT_ARM"
"1","1.133320938","-24900.0","LEFT_ARM"
"1","1.166653906","-25693.5","LEFT_ARM"
"1","1.199986875","-25452.5","LEFT_ARM"
"1","1.233319844","-25322.0","LEFT_ARM"
"1","1.266652813","-21600.0","LEFT_ARM"
"1","1.299985781","-19226.5","LEFT_ARM"
"1","1.33331875","-19862.5","LEFT_ARM"
"1","1.366651719","-17668.0","LEFT_ARM"
"1","1.399984688","-17048.5","LEFT_ARM"
"1","1.433317656","-17166.0","LEFT_ARM"
"1","1.466650625","-14332.5","LEFT_ARM"
"1","1.499983594","-13804.5","LEFT_ARM"
"1","1.533316563","-11954.5","LEFT_ARM"
"1","1.566649531","-10725.5","LEFT_ARM"
"1","1.5999825","-14484.0","LEFT_ARM"
"1","1.633315469","-12541.0","LEFT_ARM"
"1","1.666648438","-10788.0","LEFT_ARM"
"1","1.699981406","-8993.0","LEFT_ARM"
"1","1.733314375","-7932.0","LEFT_ARM"
"1","1.766647344","-4622.5","LEFT_ARM"
"1","1.799980313","-2871.0","LEFT_ARM"
"1","1.833313281","-1138.0","LEFT_ARM"
"1","1.86664625","1637.5","LEFT_ARM"
"1","1.899979219","3795.0","LEFT_ARM"
"1","1.933312188","32060.5","LEFT_ARM"
"1","1.966645156","32453.5","LEFT_ARM"
"1","1.999978125","34766.0","LEFT_ARM"
"1","2.033311094","35582.0","LEFT_ARM"
"1","2.066644063","37752.5","LEFT_ARM"
"1","2.099977031","36448.0","LEFT_ARM"
"1","2.13331","34113.5","LEFT_ARM"
"1","2.166642969","31678.5","LEFT_ARM"
"1","2.199975938","27844.5","LEFT_ARM"
"1","2.233308906","26668.0","LEFT_ARM"
"1","2.266641875","43484.5","LEFT_ARM"
"1","2.299974844","43718.0","LEFT_ARM"
"1","2.333307813","42744.5","LEFT_ARM"
"1","2.366640781","41875.0","LEFT_ARM"
"1","2.39997375","40992.5","LEFT_ARM"
"1","2.433306719","39997.0","LEFT_ARM"
"1","2.466639688","39962.5","LEFT_ARM"
"1","2.499972656","39456.5","LEFT_ARM"
"1","2.533305625","38650.5","LEFT_ARM"
"1","2.566638594","38082.0","LEFT_ARM"
"1","2.599971563","49145.0","LEFT_ARM"
"1","2.633304531","49384.5","LEFT_ARM"
"1","2.6666375","48762.5","LEFT_ARM"
"1","2.699970469","50154.5","LEFT_ARM"
"1","2.733303438","49562.5","LEFT_ARM"
"1","2.766636406","49090.0","LEFT_ARM"
"1","2.799969375","49724.0","LEFT_ARM"
"1","2.833302344","49899.0","LEFT_ARM"
"1","2.866635313","50442.5","LEFT_ARM"
"1","2.899968281","50925.0","LEFT_ARM"
"1","2.93330125","79221.0","LEFT_ARM"
"1","2.966634219","81126.0","LEFT_ARM"
"1","2.999967188","82868.0","LEFT_ARM"
"1","3.033300156","81863.0","LEFT_ARM"
"1","3.066633125","83051.0","LEFT_ARM"
"1","3.099966094","81391.0","LEFT_ARM"
"1","3.133299063","76891.5","LEFT_ARM"
"1","3.166632031","71481.5","LEFT_ARM"
"1","3.199965","69697.5","LEFT_ARM"
"1","3.233297969","67454.0","LEFT_ARM"
"1","3.266630938","87909.0","LEFT_ARM"
"1","3.299963906","85458.5","LEFT_ARM"
"1","3.333296875","81718.5","LEFT_ARM"
"1","3.366629844","80795.0","LEFT_ARM"
"1","3.399962813","76928.0","LEFT_ARM"
"1","3.433295781","75067.0","LEFT_ARM"
"1","3.46662875","74125.0","LEFT_ARM"
"1","3.499961719","69789.0","LEFT_ARM"
"1","3.533294688","68584.5","LEFT_ARM"
"1","3.566627656","69156.0","LEFT_ARM"
"1","3.599960625","65181.0","LEFT_ARM"
"1","3.633293594","64108.0","LEFT_ARM"
"1","3.666626563","64152.0","LEFT_ARM"
"1","3.699959531","61675.0","LEFT_ARM"
"1","3.7332925","62712.0","LEFT_ARM"
"1","3.766625469","61081.0","LEFT_ARM"
"1","3.799958438","58965.0","LEFT_ARM"
"1","3.833291406","58360.5","LEFT_ARM"
"1","3.866624375","57487.0","LEFT_ARM"
"1","3.899957344","56836.5","LEFT_ARM"
"1","3.933290313","76456.0","LEFT_ARM"
"1","3.966623281","75085.0","LEFT_ARM"
"1","3.99995625","73684.0","LEFT_ARM"
"1","4.033289219","74441.0","LEFT_ARM"
"1","4.066622188","75076.0","LEFT_ARM"
"1","4.099955156","77385.0","LEFT_ARM"
"1","4.133288125","74904.0","LEFT_ARM"
"1","4.166621094","71449.0","LEFT_ARM"
"1","4.199954063","65120.0","LEFT_ARM"
"1","4.233287031","60394.5","LEFT_ARM"
"1","4.26662","76828.5","LEFT_ARM"
"1","4.299952969","72564.5","LEFT_ARM"
"1","4.333285938","67870.5","LEFT_ARM"
"1","4.366618906","63436.5","LEFT_ARM"
"1","4.399951875","60266.5","LEFT_ARM"
"1","4.433284844","56930.0","LEFT_ARM"
"1","4.466617813","52398.0","LEFT_ARM"
"1","4.499950781","52150.5","LEFT_ARM"
"1","4.53328375","48784.0","LEFT_ARM"
"1","4.566616719","46039.5","LEFT_ARM"
"1","4.599949688","34643.5","LEFT_ARM"
"1","4.633282656","35198.0","LEFT_ARM"
"1","4.666615625","33201.0","LEFT_ARM"
"1","4.699948594","32433.0","LEFT_ARM"
"1","4.733281563","30694.0","LEFT_ARM"
"1","4.766614531","31223.5","LEFT_ARM"
"1","4.7999475","31226.0","LEFT_ARM"
"1","4.833280469","31095.0","LEFT_ARM"
"1","4.866613438","30369.0","LEFT_ARM"
"1","4.899946406","30859.0","LEFT_ARM"
"1","4.933279375","42778.0","LEFT_ARM"
"1","4.966612344","42606.0","LEFT_ARM"
"1","4.999945313","45038.0","LEFT_ARM"
"1","5.033278281","44948.5","LEFT_ARM"
"1","5.06661125","44696.5","LEFT_ARM"
"1","5.099944219","46466.0","LEFT_ARM"
"1","5.133277188","46593.0","LEFT_ARM"
"1","5.166610156","49164.0","LEFT_ARM"
"1","5.199943125","48319.0","LEFT_ARM"
"1","5.233276094","44298.0","LEFT_ARM"
"1","5.266609063","50850.0","LEFT_ARM"
"1","5.299942031","46183.5","LEFT_ARM"
"1","5.333275","41289.0","LEFT_ARM"
"1","5.366607969","33924.0","LEFT_ARM"
"1","5.399940938","32156.0","LEFT_ARM"
"1","5.433273906","28521.0","LEFT_ARM"
"1","5.466606875","25043.5","LEFT_ARM"
"1","5.499939844","24754.0","LEFT_ARM"
"1","5.533272813","22831.5","LEFT_ARM"
"1","5.566605781","21988.0","LEFT_ARM"
"1","5.59993875","7354.5","LEFT_ARM"
"1","5.633271719","8952.0","LEFT_ARM"
"1","5.666604688","7914.5","LEFT_ARM"
"1","5.699937656","8570.0","LEFT_ARM"
"1","5.733270625","9308.0","LEFT_ARM"
"1","5.766603594","7222.5","LEFT_ARM"
"1","5.799936563","8177.0","LEFT_ARM"
"1","5.833269531","8096.0","LEFT_ARM"
"1","5.8666025","11418.0","LEFT_ARM"
"1","5.899935469","11322.5","LEFT_ARM"
"1","5.933268438","13789.0","LEFT_ARM"
"1","5.966601406","16548.0","LEFT_ARM"
"1","5.999934375","17509.0","LEFT_ARM"
"1","6.033267344","18556.0","LEFT_ARM"
"1","6.066600313","19898.5","LEFT_ARM"
"1","6.099933281","20912.0","LEFT_ARM"
"1","6.13326625","22113.0","LEFT_ARM"
"1","6.166599219","24910.5","LEFT_ARM"
"1","6.199932188","24344.5","LEFT_ARM"
"1","6.233265156","23300.5","LEFT_ARM"
"1","6.266598125","33786.5","LEFT_ARM"
"1","6.299931094","26580.0","LEFT_ARM"
"1","6.333264063","20803.5","LEFT_ARM"
"1","6.366597031","18624.5","LEFT_ARM"
"1","6.39993","14998.5","LEFT_ARM"
"1","6.433262969","11368.5","LEFT_ARM"
"1","6.466595938","11150.0","LEFT_ARM"
"1","6.499928906","8431.5","LEFT_ARM"
"1","6.533261875","8933.5","LEFT_ARM"
"1","6.566594844","6521.5","LEFT_ARM"
"1","6.599927813","-5253.5","LEFT_ARM"
"1","6.633260781","-3850.0","LEFT_ARM"
"1","6.66659375","-6027.5","LEFT_ARM"
"1","6.699926719","-4208.5","LEFT_ARM"
"1","6.733259688","-4520.0","LEFT_ARM"
"1","6.766592656","-3582.5","LEFT_ARM"
"1","6.799925625","-3127.5","LEFT_ARM"
"1","6.833258594","-828.0","LEFT_ARM"
"1","6.866591563","122.0","LEFT_ARM"
"1","6.899924531","786.0","LEFT_ARM"
"1","6.9332575","-3808.0","LEFT_ARM"
"1","6.966590469","-2521.0","LEFT_ARM"
"1","6.999923438","-2509.0","LEFT_ARM"
"1","7.033256406","331.0","LEFT_ARM"
"1","7.066589375","1145.5","LEFT_ARM"
"1","7.099922344","4967.5","LEFT_ARM"
"1","7.133255313","5755.5","LEFT_ARM"
"1","7.166588281","6524.0","LEFT_ARM"
"1","7.19992125","9149.5","LEFT_ARM"
"1","7.233254219","8410.0","LEFT_ARM"
"1","7.266587188","23466.5","LEFT_ARM"
"1","7.299920156","20074.5","LEFT_ARM"
"1","7.333253125","15863.5","LEFT_ARM"
"1","7.366586094","12180.0","LEFT_ARM"
"1","7.399919063","7896.0","LEFT_ARM"
"1","7.433252031","5576.0","LEFT_ARM"
"1","7.466585","3432.0","LEFT_ARM"
"1","7.499917969","1660.5","LEFT_ARM"
"1","7.533250938","2966.5","LEFT_ARM"
"1","7.566583906","1903.5","LEFT_ARM"
"1","7.599916875","-2818.5","LEFT_ARM"
"1","7.633249844","-2137.5","LEFT_ARM"
"1","7.666582813","-2702.0","LEFT_ARM"
"1","7.699915781","-2954.0","LEFT_ARM"
"1","7.73324875","-1424.5","LEFT_ARM"
"1","7.766581719","-2571.5","LEFT_ARM"
"1","7.799914688","-1235.5","LEFT_ARM"
"1","7.833247656","-685.5","LEFT_ARM"
"1","7.866580625","3311.5","LEFT_ARM"
"1","7.899913594","5392.5","LEFT_ARM"
"1","7.933246563","-11716.5","LEFT_ARM"
"1","7.966579531","-12848.0","LEFT_ARM"
"1","7.9999125","-9312.0","LEFT_ARM"
"1","8.033245469","-8436.5","LEFT_ARM"
"1","8.066578438","-4722.5","LEFT_ARM"
"1","8.099911406","-3696.5","LEFT_ARM"
"1","8.133244375","-1050.5","LEFT_ARM"
"1","8.166577344","646.5","LEFT_ARM"
"1","8.199910313","3319.5","LEFT_ARM"
"1","8.233243281","5192.5","LEFT_ARM"
"1","8.26657625","32197.0","LEFT_ARM"
"1","8.299909219","30197.0","LEFT_ARM"
"1","8.333242188","25481.0","LEFT_ARM"
"1","8.366575156","20864.0","LEFT_ARM"
"1","8.399908125","17393.0","LEFT_ARM"
"1","8.433241094","14026.0","LEFT_ARM"
"1","8.466574063","11210.5","LEFT_ARM"
"1","8.499907031","8426.5","LEFT_ARM"
"1","8.53324","7881.0","LEFT_ARM"
"1","8.566572969","6039.0","LEFT_ARM"
"1","8.599905938","5016.5","LEFT_ARM"
"1","8.633238906","4263.0","LEFT_ARM"
"1","8.666571875","5960.5","LEFT_ARM"
"1","8.699904844","4094.0","LEFT_ARM"
"1","8.733237813","4431.0","LEFT_ARM"
"1","8.766570781","5562.5","LEFT_ARM"
"1","8.79990375","4020.0","LEFT_ARM"
"1","8.833236719","5026.5","LEFT_ARM"
"1","8.866569688","5889.0","LEFT_ARM"
"1","8.899902656","5861.0","LEFT_ARM"
"1","8.933235625","-10004.5","LEFT_ARM"
"1","8.966568594","-8502.0","LEFT_ARM"
"1","8.999901563","-7776.0","LEFT_ARM"
"1","9.033234531","-6343.5","LEFT_ARM"
"1","9.0665675","-5248.5","LEFT_ARM"
"1","9.099900469","-3650.5","LEFT_ARM"
"1","9.133233438","-1401.5","LEFT_ARM"
"1","9.166566406","1664.0","LEFT_ARM"
"1","9.199899375","2376.0","LEFT_ARM"
"1","9.233232344","5534.5","LEFT_ARM"
"1","9.266565313","38146.0","LEFT_ARM"
"1","9.299898281","41395.5","LEFT_ARM"
"1","9.33323125","41914.0","LEFT_ARM"
"1","9.366564219","38384.0","LEFT_ARM"
"1","9.399897188","32323.5","LEFT_ARM"
"1","9.433230156","27081.5","LEFT_ARM"
"1","9.466563125","23238.5","LEFT_ARM"
"1","9.499896094","20408.5","LEFT_ARM"
"1","9.533229063","18009.5","LEFT_ARM"
"1","9.566562031","15179.5","LEFT_ARM"
"1","9.599895","11334.5","LEFT_ARM"
"1","9.633227969","10894.0","LEFT_ARM"
"1","9.666560938","11845.5","LEFT_ARM"
"1","9.699893906","9556.0","LEFT_ARM"
"1","9.733226875","8188.5","LEFT_ARM"
"1","9.766559844","8368.5","LEFT_ARM"
"1","9.799892813","8249.5","LEFT_ARM"
"1","9.833225781","8884.0","LEFT_ARM"
"1","9.86655875","7840.5","LEFT_ARM"
"1","9.899891719","8802.5","LEFT_ARM"
"1","9.933224688","-10691.5","LEFT_ARM"
"1","9.966557656","-9202.0","LEFT_ARM"
"1","9.999890625","-8072.0","LEFT_ARM"
"1","10.03322359","-6585.0","LEFT_ARM"
"1","10.06655656","-5525.5","LEFT_ARM"
"1","10.09988953","-4791.0","LEFT_ARM"
"1","10.1332225","-2615.5","LEFT_ARM"
"1","10.16655547","-1619.0","LEFT_ARM"
"1","10.19988844","161.0","LEFT_ARM"
"1","10.23322141","3164.0","LEFT_ARM"
"1","10.26655438","33839.5","LEFT_ARM"
"1","10.29988734","35443.5","LEFT_ARM"
"1","10.33322031","37761.5","LEFT_ARM"
"1","10.36655328","34405.0","LEFT_ARM"
"1","10.39988625","31271.5","LEFT_ARM"
"1","10.43321922","25681.0","LEFT_ARM"
"1","10.46655219","20099.5","LEFT_ARM"
"1","10.49988516","18283.0","LEFT_ARM"
"1","10.53321813","14592.0","LEFT_ARM"
"1","10.56655109","10807.0","LEFT_ARM"
"1","10.59988406","11076.5","LEFT_ARM"
"1","10.63321703","9172.5","LEFT_ARM"
"1","10.66655","9224.0","LEFT_ARM"
"1","10.69988297","7494.0","LEFT_ARM"
"1","10.73321594","6926.0","LEFT_ARM"
"1","10.76654891","4998.5","LEFT_ARM"
"1","10.79988188","6225.5","LEFT_ARM"
"1","10.83321484","4283.5","LEFT_ARM"
"1","10.86654781","5958.0","LEFT_ARM"
"1","10.89988078","6631.5","LEFT_ARM"
"1","10.93321375","-9558.0","LEFT_ARM"
"1","10.96654672","-8577.5","LEFT_ARM"
"1","10.99987969","-7378.0","LEFT_ARM"
"1","11.03321266","-5128.5","LEFT_ARM"
"1","11.06654563","-3644.0","LEFT_ARM"
"1","11.09987859","-2540.5","LEFT_ARM"
"1","11.13321156","-1191.5","LEFT_ARM"
"1","11.16654453","1236.5","LEFT_ARM"
"1","11.1998775","2249.5","LEFT_ARM"
"1","11.23321047","2692.0","LEFT_ARM"
"1","11.26654344","26527.5","LEFT_ARM"
"1","11.29987641","30516.5","LEFT_ARM"
"1","11.33320938","34383.5","LEFT_ARM"
"1","11.36654234","35082.0","LEFT_ARM"
"1","11.39987531","36050.5","LEFT_ARM"
"1","11.43320828","32098.0","LEFT_ARM"
"1","11.46654125","26897.5","LEFT_ARM"
"1","11.49987422","22108.5","LEFT_ARM"
"1","11.53320719","17084.0","LEFT_ARM"
"1","11.56654016","12708.0","LEFT_ARM"
"1","11.59987313","13014.5","LEFT_ARM"
"1","11.63320609","10230.5","LEFT_ARM"
"1","11.66653906","9563.0","LEFT_ARM"
"1","11.69987203","7722.0","LEFT_ARM"
"1","11.733205","6886.5","LEFT_ARM"
"1","11.76653797","6556.0","LEFT_ARM"
"1","11.79987094","4862.0","LEFT_ARM"
"1","11.83320391","5393.0","LEFT_ARM"
"1","11.86653688","4538.0","LEFT_ARM"
"1","11.89986984","4668.0","LEFT_ARM"
"1","11.93320281","-7284.5","LEFT_ARM"
"1","11.96653578","-7481.5","LEFT_ARM"
"1","11.99986875","-7146.0","LEFT_ARM"
"1","12.03320172","-7522.0","LEFT_ARM"
"1","12.06653469","-5720.0","LEFT_ARM"
"1","12.09986766","-4770.0","LEFT_ARM"
"1","12.13320063","-2704.5","LEFT_ARM"
"1","12.16653359","-1257.5","LEFT_ARM"
"1","12.19986656","1674.5","LEFT_ARM"
"1","12.23319953","4068.0","LEFT_ARM"
"1","12.2665325","23786.0","LEFT_ARM"
"1","12.29986547","26306.0","LEFT_ARM"
"1","12.33319844","28142.5","LEFT_ARM"
"1","12.36653141","29045.0","LEFT_ARM"
"1","12.39986438","33763.0","LEFT_ARM"
"1","12.43319734","33308.5","LEFT_ARM"
"1","12.46653031","31014.5","LEFT_ARM"
"1","12.49986328","27751.0","LEFT_ARM"
"1","12.53319625","20679.0","LEFT_ARM"
"1","12.56652922","16270.0","LEFT_ARM"
"1","12.59986219","21118.0","LEFT_ARM"
"1","12.63319516","15951.0","LEFT_ARM"
"1","12.66652813","13594.5","LEFT_ARM"
"1","12.69986109","11533.0","LEFT_ARM"
"1","12.73319406","10761.0","LEFT_ARM"
"1","12.76652703","8924.0","LEFT_ARM"
"1","12.79986","9218.5","LEFT_ARM"
"1","12.83319297","8111.0","LEFT_ARM"
"1","12.86652594","7178.0","LEFT_ARM"
"1","12.89985891","7746.0","LEFT_ARM"
"1","12.93319188","-7174.0","LEFT_ARM"
"1","12.96652484","-6609.0","LEFT_ARM"
"1","12.99985781","-6130.0","LEFT_ARM"
"1","13.03319078","-4813.5","LEFT_ARM"
"1","13.06652375","-4559.5","LEFT_ARM"
"1","13.09985672","-2078.0","LEFT_ARM"
"1","13.13318969","-826.0","LEFT_ARM"
"1","13.16652266","926.5","LEFT_ARM"
"1","13.19985563","1658.0","LEFT_ARM"
"1","13.23318859","4591.0","LEFT_ARM"
"1","13.26652156","21922.0","LEFT_ARM"
"1","13.29985453","22854.5","LEFT_ARM"
"1","13.3331875","25722.0","LEFT_ARM"
"1","13.36652047","27479.5","LEFT_ARM"
"1","13.39985344","29018.5","LEFT_ARM"
"1","13.43318641","31557.5","LEFT_ARM"
"1","13.46651938","31612.5","LEFT_ARM"
"1","13.49985234","28778.5","LEFT_ARM"
"1","13.53318531","25198.0","LEFT_ARM"
"1","13.56651828","20496.5","LEFT_ARM"
"1","13.59985125","21721.0","LEFT_ARM"
"1","13.63318422","18555.5","LEFT_ARM"
"1","13.66651719","16869.0","LEFT_ARM"
"1","13.69985016","13715.0","LEFT_ARM"
"1","13.73318313","12078.0","LEFT_ARM"
"1","13.76651609","11940.0","LEFT_ARM"
"1","13.79984906","10476.0","LEFT_ARM"
"1","13.83318203","10293.5","LEFT_ARM"
"1","13.866515","9295.5","LEFT_ARM"
"1","13.89984797","10400.0","LEFT_ARM"
"1","13.93318094","-6357.5","LEFT_ARM"
"1","13.96651391","-5053.5","LEFT_ARM"
"1","13.99984688","-4296.5","LEFT_ARM"
"1","14.03317984","-4726.0","LEFT_ARM"
"1","14.06651281","-4232.5","LEFT_ARM"
"1","14.09984578","-823.5","LEFT_ARM"
"1","14.13317875","187.5","LEFT_ARM"
"1","14.16651172","1628.0","LEFT_ARM"
"1","14.19984469","2886.5","LEFT_ARM"
"1","14.23317766","4250.0","LEFT_ARM"
"1","14.26651063","20724.5","LEFT_ARM"
"1","14.29984359","23544.5","LEFT_ARM"
"1","14.33317656","26299.5","LEFT_ARM"
"1","14.36650953","26986.5","LEFT_ARM"
"1","14.3998425","28024.5","LEFT_ARM"
"1","14.43317547","30100.0","LEFT_ARM"
"1","14.46650844","30352.5","LEFT_ARM"
"1","14.49984141","29166.5","LEFT_ARM"
"1","14.53317438","23127.5","LEFT_ARM"
"1","14.56650734","19254.5","LEFT_ARM"
"1","14.59984031","28782.0","LEFT_ARM"
"1","14.63317328","24346.0","LEFT_ARM"
"1","14.66650625","21440.5","LEFT_ARM"
"1","14.69983922","17650.0","LEFT_ARM"
"1","14.73317219","18712.0","LEFT_ARM"
"1","14.76650516","17082.0","LEFT_ARM"
"1","14.79983813","14214.0","LEFT_ARM"
"1","14.83317109","14205.0","LEFT_ARM"
"1","14.86650406","13488.0","LEFT_ARM"
"1","14.89983703","13172.0","LEFT_ARM"
"1","14.93317","2843.5","LEFT_ARM"
"1","14.96650297","3562.0","LEFT_ARM"
"1","14.99983594","3124.5","LEFT_ARM"
"1","15.03316891","4717.5","LEFT_ARM"
"1","15.06650188","6816.0","LEFT_ARM"
"1","15.09983484","7019.5","LEFT_ARM"
"1","15.13316781","8363.5","LEFT_ARM"
"1","15.16650078","8684.5","LEFT_ARM"
"1","15.19983375","11129.5","LEFT_ARM"
"1","15.23316672","13743.5","LEFT_ARM"
"1","15.26649969","28398.0","LEFT_ARM"
"1","15.29983266","30450.0","LEFT_ARM"
"1","15.33316563","30894.5","LEFT_ARM"
"1","15.36649859","32794.5","LEFT_ARM"
"1","15.39983156","34663.0","LEFT_ARM"
"1","15.43316453","36914.5","LEFT_ARM"
"1","15.4664975","40620.0","LEFT_ARM"
"1","15.49983047","37234.0","LEFT_ARM"
"1","15.53316344","35052.0","LEFT_ARM"
"1","15.56649641","29080.0","LEFT_ARM"
"1","15.59982938","39322.5","LEFT_ARM"
"1","15.63316234","34932.0","LEFT_ARM"
"1","15.66649531","30638.0","LEFT_ARM"
"1","15.69982828","26065.5","LEFT_ARM"
"1","15.73316125","23636.0","LEFT_ARM"
"1","15.76649422","21628.5","LEFT_ARM"
"1","15.79982719","20788.0","LEFT_ARM"
"1","15.83316016","20298.0","LEFT_ARM"
"1","15.86649313","17381.5","LEFT_ARM"
"1","15.89982609","17100.0","LEFT_ARM"
"1","15.93315906","494.0","LEFT_ARM"
"1","15.96649203","841.0","LEFT_ARM"
"1","15.999825","1008.0","LEFT_ARM"
"1","16.03315797","5.0","LEFT_ARM"
"1","16.06649094","104.0","LEFT_ARM"
"1","16.09982391","1140.5","LEFT_ARM"
"1","16.13315688","1100.0","LEFT_ARM"
"1","16.16648984","3040.0","LEFT_ARM"
"1","16.19982281","4096.0","LEFT_ARM"
"1","16.23315578","4622.0","LEFT_ARM"
"1","16.26648875","19566.5","LEFT_ARM"
"1","16.29982172","21370.5","LEFT_ARM"
"1","16.33315469","23786.0","LEFT_ARM"
"1","16.36648766","24014.5","LEFT_ARM"
"1","16.39982063","25814.5","LEFT_ARM"
"1","16.43315359","27513.5","LEFT_ARM"
"1","16.46648656","29830.5","LEFT_ARM"
"1","16.49981953","30138.5","LEFT_ARM"
"1","16.5331525","29153.5","LEFT_ARM"
"1","16.56648547","21631.5","LEFT_ARM"
"1","16.59981844","31415.0","LEFT_ARM"
"1","16.63315141","26203.5","LEFT_ARM"
"1","16.66648438","24033.0","LEFT_ARM"
"1","16.69981734","17973.5","LEFT_ARM"
"1","16.73315031","16980.0","LEFT_ARM"
"1","16.76648328","14948.0","LEFT_ARM"
"1","16.79981625","13749.0","LEFT_ARM"
"1","16.83314922","13960.0","LEFT_ARM"
"1","16.86648219","12357.0","LEFT_ARM"
"1","16.89981516","11750.0","LEFT_ARM"
"1","16.93314813","-4036.0","LEFT_ARM"
"1","16.96648109","-4627.5","LEFT_ARM"
"1","16.99981406","-4682.0","LEFT_ARM"
"1","17.03314703","-1948.0","LEFT_ARM"
"1","17.06648","-970.0","LEFT_ARM"
"1","17.09981297","264.5","LEFT_ARM"
"1","17.13314594","2195.5","LEFT_ARM"
"1","17.16647891","3795.5","LEFT_ARM"
"1","17.19981188","4685.5","LEFT_ARM"
"1","17.23314484","7533.5","LEFT_ARM"
"1","17.26647781","18331.0","LEFT_ARM"
"1","17.29981078","19566.0","LEFT_ARM"
"1","17.33314375","21102.0","LEFT_ARM"
"1","17.36647672","23133.0","LEFT_ARM"
"1","17.39980969","24440.0","LEFT_ARM"
"1","17.43314266","25620.5","LEFT_ARM"
"1","17.46647563","26858.0","LEFT_ARM"
"1","17.49980859","28616.5","LEFT_ARM"
"1","17.53314156","26844.5","LEFT_ARM"
"1","17.56647453","22367.0","LEFT_ARM"
"1","17.5998075","35736.0","LEFT_ARM"
"1","17.63314047","28998.0","LEFT_ARM"
"1","17.66647344","25450.5","LEFT_ARM"
"1","17.69980641","18792.5","LEFT_ARM"
"1","17.73313938","16804.0","LEFT_ARM"
"1","17.76647234","16149.0","LEFT_ARM"
"1","17.79980531","14100.5","LEFT_ARM"
"1","17.83313828","13230.5","LEFT_ARM"
"1","17.86647125","12049.0","LEFT_ARM"
"1","17.89980422","10118.5","LEFT_ARM"
"1","17.93313719","-154.0","LEFT_ARM"
"1","17.96647016","2761.5","LEFT_ARM"
"1","17.99980313","3318.5","LEFT_ARM"
"1","18.03313609","3318.5","LEFT_ARM"
"1","18.06646906","3704.0","LEFT_ARM"
"1","18.09980203","4940.5","LEFT_ARM"
"1","18.133135","6395.5","LEFT_ARM"
"1","18.16646797","7368.5","LEFT_ARM"
"1","18.19980094","9744.0","LEFT_ARM"
"1","18.23313391","10284.0","LEFT_ARM"
"1","18.26646688","22527.0","LEFT_ARM"
"1","18.29979984","23119.0","LEFT_ARM"
"1","18.33313281","25800.5","LEFT_ARM"
"1","18.36646578","28031.0","LEFT_ARM"
"1","18.39979875","29492.0","LEFT_ARM"
"1","18.43313172","31023.0","LEFT_ARM"
"1","18.46646469","33920.0","LEFT_ARM"
"1","18.49979766","35067.0","LEFT_ARM"
"1","18.53313063","34756.5","LEFT_ARM"
"1","18.56646359","32211.0","LEFT_ARM"
"1","18.59979656","46380.0","LEFT_ARM"
"1","18.63312953","38287.0","LEFT_ARM"
"1","18.6664625","35622.0","LEFT_ARM"
"1","18.69979547","29601.0","LEFT_ARM"
"1","18.73312844","24969.0","LEFT_ARM"
"1","18.76646141","23699.0","LEFT_ARM"
"1","18.79979438","21072.0","LEFT_ARM"
"1","18.83312734","19074.5","LEFT_ARM"
"1","18.86646031","18970.0","LEFT_ARM"
"1","18.89979328","18166.5","LEFT_ARM"
"1","18.93312625","13434.0","LEFT_ARM"
"1","18.96645922","12724.5","LEFT_ARM"
"1","18.99979219","15182.0","LEFT_ARM"
"1","19.03312516","14616.5","LEFT_ARM"
"1","19.06645813","14056.5","LEFT_ARM"
"1","19.09979109","15914.0","LEFT_ARM"
"1","19.13312406","15551.0","LEFT_ARM"
"1","19.16645703","15106.0","LEFT_ARM"
"1","19.19979","18399.0","LEFT_ARM"
"1","19.23312297","19926.0","LEFT_ARM"
"1","19.26645594","24119.0","LEFT_ARM"
"1","19.29978891","25665.5","LEFT_ARM"
"1","19.33312188","27207.5","LEFT_ARM"
"1","19.36645484","30479.5","LEFT_ARM"
"1","19.39978781","32059.5","LEFT_ARM"
"1","19.43312078","33216.0","LEFT_ARM"
"1","19.46645375","33995.5","LEFT_ARM"
"1","19.49978672","36409.5","LEFT_ARM"
"1","19.53311969","36675.0","LEFT_ARM"
"1","19.56645266","34631.5","LEFT_ARM"
"1","19.59978563","44138.0","LEFT_ARM"
"1","19.63311859","40240.5","LEFT_ARM"
"1","19.66645156","34948.0","LEFT_ARM"
"1","19.69978453","30980.5","LEFT_ARM"
"1","19.7331175","27399.0","LEFT_ARM"
"1","19.76645047","22514.0","LEFT_ARM"
"1","19.79978344","19441.0","LEFT_ARM"
"1","19.83311641","18274.0","LEFT_ARM"
"1","19.86644938","18282.0","LEFT_ARM"
"1","19.89978234","18759.0","LEFT_ARM"
"1","19.93311531","-444684.0","LEFT_ARM"
"1","19.96644828","-446578.0","LEFT_ARM"
"1","19.99978125","-445108.0","LEFT_ARM"
"1","20.03311422","-445966.0","LEFT_ARM"
"1","20.06644719","-445419.0","LEFT_ARM"
"1","20.09978016","-445420.0","LEFT_ARM"
"1","20.13311313","-445573.5","LEFT_ARM"
"1","20.16644609","-443795.0","LEFT_ARM"
"1","20.19977906","-446279.5","LEFT_ARM"
"1","20.23311203","-443533.5","LEFT_ARM"
"1","20.266445","-842490.5","LEFT_ARM"
"1","20.29977797","-843327.5","LEFT_ARM"
"1","20.33311094","-842767.5","LEFT_ARM"
"1","20.36644391","-844597.5","LEFT_ARM"
"1","20.39977688","-846488.5","LEFT_ARM"
"1","20.43310984","-847374.5","LEFT_ARM"
"1","20.46644281","-846683.5","LEFT_ARM"
"1","20.49977578","-844564.5","LEFT_ARM"
"1","20.53310875","-840738.5","LEFT_ARM"
"1","20.56644172","-840395.5","LEFT_ARM"
"1","20.59977469","-1100349.5","LEFT_ARM"
"1","20.63310766","-1105475.5","LEFT_ARM"
"1","20.66644063","-1109842.5","LEFT_ARM"
"1","20.69977359","-1115544.5","LEFT_ARM"
"1","20.73310656","-1125161.5","LEFT_ARM"
"1","20.76643953","-1131426.5","LEFT_ARM"
"1","20.7997725","-1134617.0","LEFT_ARM"
"1","20.83310547","-1138479.5","LEFT_ARM"
"1","20.86643844","-1139443.0","LEFT_ARM"
"1","20.89977141","-1140601.5","LEFT_ARM"
"1","20.93310438","-1361865.0","LEFT_ARM"
"1","20.97754833","-1359730.5","LEFT_ARM"
"1","21.0108813","-1345037.5","LEFT_ARM"
"1","21.04421427","-1317596.5","LEFT_ARM"
"1","21.07754724","-1276775.5","LEFT_ARM"
"1","21.11088021","-1234010.5","LEFT_ARM"
"1","21.14421318","-1187128.5","LEFT_ARM"
"1","21.17754615","-1136405.5","LEFT_ARM"
"1","21.21087912","-1087595.0","LEFT_ARM"
"1","21.24421208","-1036781.0","LEFT_ARM"
"1","21.27754505","-1168211.5","LEFT_ARM"
"1","21.31087802","-1118345.0","LEFT_ARM"
"1","21.34421099","-1066917.5","LEFT_ARM"
"1","21.37754396","-1017826.0","LEFT_ARM"
"1","21.41087693","-968215.0","LEFT_ARM"
"1","21.4442099","-924258.0","LEFT_ARM"
"1","21.47754287","-880963.0","LEFT_ARM"
"1","21.51087583","-837574.0","LEFT_ARM"
"1","21.5442088","-797378.0","LEFT_ARM"
"1","21.57754177","-758992.0","LEFT_ARM"
"1","21.61087474","-840772.0","LEFT_ARM"
"1","21.64420771","-809951.0","LEFT_ARM"
"1","21.67754068","-779484.0","LEFT_ARM"
"1","21.71087365","-752568.0","LEFT_ARM"
"1","21.74420662","-724950.0","LEFT_ARM"
"1","21.77753958","-696834.0","LEFT_ARM"
"1","21.81087255","-671560.0","LEFT_ARM"
"1","21.84420552","-641992.0","LEFT_ARM"
"1","21.87753849","-616151.0","LEFT_ARM"
"1","21.91087146","-591636.0","LEFT_ARM"
"1","21.94420443","-690060.0","LEFT_ARM"
"1","21.9775374","-665713.0","LEFT_ARM"
"1","22.01087037","-641377.0","LEFT_ARM"
"1","22.04420333","-616072.0","LEFT_ARM"
"1","22.0775363","-593125.0","LEFT_ARM"
"1","22.11086927","-570440.0","LEFT_ARM"
"1","22.14420224","-548173.0","LEFT_ARM"
"1","22.17753521","-525048.0","LEFT_ARM"
"1","22.21086818","-504072.0","LEFT_ARM"
"1","22.24420115","-481360.0","LEFT_ARM"
"1","22.27753412","-582766.0","LEFT_ARM"
"1","22.31086708","-562176.0","LEFT_ARM"
"1","22.34420005","-543614.0","LEFT_ARM"
"1","22.37753302","-523328.0","LEFT_ARM"
"1","22.41086599","-504131.0","LEFT_ARM"
"1","22.44419896","-482864.0","LEFT_ARM"
"1","22.47753193","-464884.0","LEFT_ARM"
"1","22.5108649","-442675.0","LEFT_ARM"
"1","22.54419787","-424278.0","LEFT_ARM"
"1","22.57753083","-407579.0","LEFT_ARM"
"1","22.6108638","-444197.0","LEFT_ARM"
"1","22.64419677","-429310.0","LEFT_ARM"
"1","22.67752974","-416047.0","LEFT_ARM"
"1","22.71086271","-404543.0","LEFT_ARM"
"1","22.74419568","-391781.0","LEFT_ARM"
"1","22.77752865","-382981.0","LEFT_ARM"
"1","22.81086162","-372117.0","LEFT_ARM"
"1","22.84419458","-360745.0","LEFT_ARM"
"1","22.87752755","-350173.0","LEFT_ARM"
"1","22.91086052","-338447.0","LEFT_ARM"
"1","22.94419349","-394014.0","LEFT_ARM"
"1","22.97752646","-381058.0","LEFT_ARM"
"1","23.01085943","-368652.0","LEFT_ARM"
"1","23.0441924","-355380.0","LEFT_ARM"
"1","23.07752537","-345353.0","LEFT_ARM"
"1","23.11085833","-331674.0","LEFT_ARM"
"1","23.1441913","-318747.0","LEFT_ARM"
"1","23.17752427","-308538.0","LEFT_ARM"
"1","23.21085724","-293184.0","LEFT_ARM"
"1","23.24419021","-280704.0","LEFT_ARM"
"1","23.27752318","-337706.0","LEFT_ARM"
"1","23.31085615","-327651.0","LEFT_ARM"
"1","23.34418912","-312244.0","LEFT_ARM"
"1","23.37752208","-300512.0","LEFT_ARM"
"1","23.41085505","-287309.0","LEFT_ARM"
"1","23.44418802","-273993.0","LEFT_ARM"
"1","23.47752099","-260813.0","LEFT_ARM"
"1","23.51085396","-249805.0","LEFT_ARM"
"1","23.54418693","-238972.0","LEFT_ARM"
"1","23.5775199","-223956.0","LEFT_ARM"
"1","23.61085287","-231803.0","LEFT_ARM"
"1","23.64418583","-220542.0","LEFT_ARM"
"1","23.6775188","-209378.0","LEFT_ARM"
"1","23.71085177","-197349.0","LEFT_ARM"
"1","23.74418474","-188307.0","LEFT_ARM"
"1","23.77751771","-184188.0","LEFT_ARM"
"1","23.81085068","-177930.0","LEFT_ARM"
"1","23.84418365","-175661.0","LEFT_ARM"
"1","23.87751662","-171700.0","LEFT_ARM"
"1","23.91084958","-168308.0","LEFT_ARM"
"1","23.94418255","-200384.0","LEFT_ARM"
"1","23.97751552","-194539.0","LEFT_ARM"
"1","24.01084849","-190718.0","LEFT_ARM"
"1","24.04418146","-184181.0","LEFT_ARM"
"1","24.07751443","-179508.0","LEFT_ARM"
"1","24.1108474","-173590.0","LEFT_ARM"
"1","24.14418037","-168299.0","LEFT_ARM"
"1","24.17751333","-159528.0","LEFT_ARM"
"1","24.2108463","-152779.0","LEFT_ARM"
"1","24.24417927","-146093.0","LEFT_ARM"
"1","24.27751224","-197517.0","LEFT_ARM"
"1","24.31084521","-189462.0","LEFT_ARM"
"1","24.34417818","-182602.0","LEFT_ARM"
"1","24.37751115","-176082.0","LEFT_ARM"
"1","24.41084412","-166924.0","LEFT_ARM"
"1","24.44417708","-159908.0","LEFT_ARM"
"1","24.47751005","-153248.0","LEFT_ARM"
"1","24.51084302","-146985.0","LEFT_ARM"
"1","24.54417599","-140018.0","LEFT_ARM"
"1","24.57750896","-134343.0","LEFT_ARM"
"1","24.61084193","-119833.0","LEFT_ARM"
"1","24.6441749","-113211.0","LEFT_ARM"
"1","24.67750787","-105895.0","LEFT_ARM"
"1","24.71084083","-96168.0","LEFT_ARM"
"1","24.7441738","-89600.0","LEFT_ARM"
"1","24.77750677","-84566.0","LEFT_ARM"
"1","24.81083974","-83769.0","LEFT_ARM"
"1","24.84417271","-84482.0","LEFT_ARM"
"1","24.87750568","-85107.0","LEFT_ARM"
"1","24.91083865","-85086.0","LEFT_ARM"
"1","24.94417162","-109383.0","LEFT_ARM"
"1","24.97750458","-110151.0","LEFT_ARM"
"1","25.01083755","-109911.0","LEFT_ARM"
"1","25.04417052","-107539.0","LEFT_ARM"
"1","25.07750349","-106237.0","LEFT_ARM"
"1","25.11083646","-104511.0","LEFT_ARM"
"1","25.14416943","-101120.0","LEFT_ARM"
"1","25.1775024","-96460.0","LEFT_ARM"
"1","25.21083537","-95189.0","LEFT_ARM"
"1","25.24416833","-88868.0","LEFT_ARM"
"1","25.2775013","-135945.0","LEFT_ARM"
"1","25.31083427","-131829.0","LEFT_ARM"
"1","25.34416724","-125568.0","LEFT_ARM"
"1","25.37750021","-118294.0","LEFT_ARM"
"1","25.41083318","-110886.0","LEFT_ARM"
"1","25.44416615","-105827.0","LEFT_ARM"
"1","25.47749912","-102238.0","LEFT_ARM"
"1","25.51083208","-95851.0","LEFT_ARM"
"1","25.54416505","-89715.0","LEFT_ARM"
"1","25.57749802","-82763.0","LEFT_ARM"
"1","25.61083099","-80609.0","LEFT_ARM"
"1","25.64416396","-74902.0","LEFT_ARM"
"1","25.67749693","-70292.0","LEFT_ARM"
"1","25.7108299","-66324.0","LEFT_ARM"
"1","25.74416287","-59074.0","LEFT_ARM"
"1","25.77749583","-55022.0","LEFT_ARM"
"1","25.8108288","-54678.0","LEFT_ARM"
"1","25.84416177","-57142.0","LEFT_ARM"
"1","25.87749474","-60962.0","LEFT_ARM"
"1","25.91082771","-66357.0","LEFT_ARM"
"1","25.94416068","-48517.0","LEFT_ARM"
"1","25.97749365","-51574.0","LEFT_ARM"
"1","26.01082662","-57020.0","LEFT_ARM"
"1","26.04415958","-58195.0","LEFT_ARM"
"1","26.07749255","-58056.0","LEFT_ARM"
"1","26.11082552","-55378.0","LEFT_ARM"
"1","26.14415849","-53856.0","LEFT_ARM"
"1","26.17749146","-54264.0","LEFT_ARM"
"1","26.21082443","-51294.0","LEFT_ARM"
"1","26.2441574","-49775.0","LEFT_ARM"
"1","26.27749037","-66660.0","LEFT_ARM"
"1","26.31082333","-63344.0","LEFT_ARM"
"1","26.3441563","-57613.0","LEFT_ARM"
"1","26.37748927","-53578.0","LEFT_ARM"
"1","26.41082224","-48085.0","LEFT_ARM"
"1","26.44415521","-44030.0","LEFT_ARM"
"1","26.47748818","-37166.0","LEFT_ARM"
"1","26.51082115","-33260.0","LEFT_ARM"
"1","26.54415412","-27134.0","LEFT_ARM"
"1","26.57748708","-22014.0","LEFT_ARM"
"1","26.61082005","-10510.0","LEFT_ARM"
"1","26.64415302","-3795.0","LEFT_ARM"
"1","26.67748599","2589.0","LEFT_ARM"
"1","26.71081896","5322.0","LEFT_ARM"
"1","26.74415193","11210.0","LEFT_ARM"
"1","26.7774849","17450.0","LEFT_ARM"
"1","26.81081787","21836.0","LEFT_ARM"
"1","26.84415083","25785.0","LEFT_ARM"
"1","26.8774838","26845.0","LEFT_ARM"
"1","26.91081677","22498.0","LEFT_ARM"
"1","26.94414974","16349.0","LEFT_ARM"
"1","26.97748271","13360.0","LEFT_ARM"
"1","27.01081568","5770.0","LEFT_ARM"
"1","27.04414865","-1023.0","LEFT_ARM"
"1","27.07748162","-4563.0","LEFT_ARM"
"1","27.11081458","-7625.0","LEFT_ARM"
"1","27.14414755","-10070.0","LEFT_ARM"
"1","27.17748052","-13794.0","LEFT_ARM"
"1","27.21081349","-13817.0","LEFT_ARM"
"1","27.24414646","-15610.0","LEFT_ARM"
"1","27.27747943","-19635.0","LEFT_ARM"
"1","27.3108124","-18274.0","LEFT_ARM"
"1","27.34414537","-15424.0","LEFT_ARM"
"1","27.37747833","-13017.0","LEFT_ARM"
"1","27.4108113","-11783.0","LEFT_ARM"
"1","27.44414427","-10947.0","LEFT_ARM"
"1","27.47747724","-11983.0","LEFT_ARM"
"1","27.51081021","-8114.0","LEFT_ARM"
"1","27.54414318","-3974.0","LEFT_ARM"
"1","27.57747615","-1789.0","LEFT_ARM"
"1","27.61080912","264.0","LEFT_ARM"
"1","27.64414208","3755.0","LEFT_ARM"
"1","27.67747505","7686.0","LEFT_ARM"
"1","27.71080802","9528.0","LEFT_ARM"
"1","27.74414099","14806.0","LEFT_ARM"
"1","27.77747396","16704.0","LEFT_ARM"
"1","27.81080693","21709.0","LEFT_ARM"
"1","27.8441399","27196.0","LEFT_ARM"
"1","27.87747287","30529.0","LEFT_ARM"
"1","27.91080583","26290.0","LEFT_ARM"
"1","27.9441388","17032.0","LEFT_ARM"
"1","27.97747177","9575.0","LEFT_ARM"
"1","28.01080474","0.0","LEFT_ARM"
